{
	"format_version": "1.12.0",
	"minecraft:geometry": [
		{
			"description": {
				"identifier": "geometry.among_uspc",
				"texture_width": 128,
				"texture_height": 128,
				"visible_bounds_width": 3,
				"visible_bounds_height": 3,
				"visible_bounds_offset": [0, 0, 0]
			},
			"bones": [
				{
					"name": "head",
					"pivot": [0, 24, 0],
					"cubes": [
						{"origin": [-8, 24, 4], "size": [6, 1, 3], "uv": [27, 11]},
						{"origin": [-6, 25, 5], "size": [2, 2, 1], "uv": [8, 8]},
						{"origin": [-14, 27, 5], "size": [17, 11, 1], "uv": [0, 30]},
						{"origin": [-15, 26, 4], "size": [19, 1, 1], "uv": [27, 9]},
						{"origin": [-15, 38, 4], "size": [19, 1, 1], "uv": [27, 7]},
						{"origin": [-15, 27, 4], "size": [1, 11, 1], "uv": [4, 0]},
						{"origin": [3, 27, 4], "size": [1, 11, 1], "uv": [0, 0]},
						{"origin": [5, 24, -8], "size": [6, 15, 15], "uv": [0, 0]},
						{"origin": [-13, 24, -6], "size": [15, 1, 6], "uv": [27, 0]}
					]
				}
			]
		}
	]
}