{
  "format_version": "1.10.0",
  "minecraft:client_entity": {
    "description": {
      "identifier": "among_us:white_alive",
      "textures": {
        "default": "textures/entity/white"
      },
      "materials": { 
        "default": "trident" 
      },
      "scripts": {
        "animate": [
          { "move": "query.is_moving" }
        ]
      },
      "animations": {
        "move": "animation.among_us.move"
      },
      "geometry": {
        "default": "geometry.default"
      },
      "render_controllers": [ 
        "controller.render.default"
      ],
      "spawn_egg": {
        "texture": "among_us",
        "texture_index": 10
      }
    }
  }
}