{"packs":[{"can_be_redownloaded":false,"name":"BetterBedrock","uuid":"61601820-fb4b-11ea-adc1-0242ac120002","version":[0,0,1]},{"can_be_redownloaded":false,"name":"Sneaking under slabs 1.0","uuid":"5af509d8-8b72-4d80-a408-eff05ade5a6c","version":[0,0,1]},{"can_be_redownloaded":false,"name":{"en_US":"Sneaking Under Slabs[B]"},"uuid":"d8796751-1cc6-48b7-90a3-5c26b4a31757","version":[1,0,0]},{"can_be_redownloaded":false,"name":"torch addon","uuid":"8eb301e4-922d-11e9-bc42-526af7764f64","version":[0,0,1]}]}
